{
  "Parameters": {
    "VPCID": "vpc-0500defcea40f17ca",
    "PrivateSubnetOne": "subnet-0aeae9a457289bb72",
    "PrivateSubnetTwo": "subnet-02ef02ee04f135c2e",
    "FargateContainerSecurityGroup": "sg-004ef4ee3618206f9",
    "ECSCluster": "chatbot-cluster-Production",
    "ImageTag": "this-will-be-filled-dynamically",
    "DesiredCount": "1",
    "LoadBalancerListener": "arn:aws:elasticloadbalancing:eu-west-1:481595443823:listener/app/base-LoadB-3JQ0XEDX5F1S/7279f0025b335d35/016c6c7b4fafe4ed",
    "Environment": "prod",
    "ParameterStoreBaseUrl": "http://internal-base-LoadB-3JQ0XEDX5F1S-605879722.eu-west-1.elb.amazonaws.com",
    "WatsonApiUrl": "https://gateway-fra.watsonplatform.net/assistant/api"
  },
  "Tags": {
    "Business Application CI": "CI0010798",
    "OAR/OPR ID": "AAB.SYS.13093",
    "Environment": "Production",
    "Confidentiality": "2",
    "Integrity": "2",
    "Availability": "2",
    "Block ID": "BLK0001295",
    "Billing Code": "NL02211",
    "Last Change": "SCHG0429484"
  }
}