{
  "Parameters": {
    "VPCID": "vpc-0941492ed8b7beecb",
    "PrivateSubnetOne": "subnet-082cf945da98d1973",
    "PrivateSubnetTwo": "subnet-0ba03b41ec75dd88d",

    "FargateContainerSecurityGroup": "sg-0d5c38e638e2992ec",
    "ECSCluster": "chatbot-cluster-Acceptance",
    "ImageTag": "this-will-be-filled-dynamically",
    "DesiredCount": "1",
    "LoadBalancerListener": "arn:aws:elasticloadbalancing:eu-west-1:891942576661:listener/app/base-LoadB-TSWCGMIMYF7D/97dc63dc8d0aa849/ab5f09bc183fad34",
    "Environment": "uat",

    "ParameterStoreBaseUrl": "http://internal-base-LoadB-TSWCGMIMYF7D-2070485862.eu-west-1.elb.amazonaws.com",
    "WatsonApiUrl": "https://gateway-fra.watsonplatform.net/assistant/api"
  },
  "Tags": {
    "Business Application CI": "CI0010798",
    "OAR/OPR ID": "AAB.SYS.13093",
    "Environment": "Acceptance",
    "Confidentiality": "2",
    "Integrity": "2",
    "Availability": "2",
    "Block ID": "BLK0001295",
    "Billing Code": "NL02211",
    "Last Change": "SCHG0390458"
  }
}
